Result Time,Granularity Period,Object Name,Reliability,AVG_RxQual_samples_0_4,AVG_RxQual_samples_0_4_Denom,AVG_RxQual_samples_0_4_Nom,SQI,SQI_Denom,SQI_Nom
8/17/2020 23:00,60,"MoundouMBSC1/Cell:LABEL=TDG0319(MNDOU5)-3, CellIndex=13, CGI=6220117785A99/TRX:TRX Index=135, TRX Name=TDG0319(MNDOU5)-36",Reliable,99.885,15769,15751,99.885,15769,15751
8/17/2020 23:00,60,"MoundouMBSC1/Cell:LABEL=TDG0319(MNDOU5)-3, CellIndex=13, CGI=6220117785A99/TRX:TRX Index=134, TRX Name=TDG0319(MNDOU5)-35",Reliable,,0,0,,0,0
8/17/2020 23:00,60,"MoundouMBSC1/Cell:LABEL=TDG0319(MNDOU5)-3, CellIndex=13, CGI=6220117785A99/TRX:TRX Index=77, TRX Name=TDG0319(MNDOU5)-34",Reliable,,0,0,,0,0
8/17/2020 23:00,60,"MoundouMBSC1/Cell:LABEL=TDG0319(MNDOU5)-3, CellIndex=13, CGI=6220117785A99/TRX:TRX Index=65, TRX Name=TDG0319(MNDOU5)-33",Reliable,99.872,16502,16481,99.872,16502,16481
8/17/2020 23:00,60,"MoundouMBSC1/Cell:LABEL=TDG0319(MNDOU5)-3, CellIndex=13, CGI=6220117785A99/TRX:TRX Index=131, TRX Name=TDG0319(MNDOU5)-32",Reliable,99.361,783,778,99.361,783,778
8/17/2020 23:00,60,"MoundouMBSC1/Cell:LABEL=TDG0319(MNDOU5)-3, CellIndex=13, CGI=6220117785A99/TRX:TRX Index=130, TRX Name=TDG0319(MNDOU5)-31",Reliable,98.134,1501,1473,98.134,1501,1473
8/17/2020 23:00,60,"MoundouMBSC1/Cell:LABEL=TDG0319(MNDOU5)-3, CellIndex=13, CGI=6220117785A99/TRX:TRX Index=129, TRX Name=TDG0319(MNDOU5)-30",Reliable,,0,0,,0,0
8/17/2020 23:00,60,"MoundouMBSC1/Cell:LABEL=TDG0319(MNDOU5)-2, CellIndex=12, CGI=6220117785A98/TRX:TRX Index=126, TRX Name=TDG0319(MNDOU5)-26",Reliable,99.791,13452,13424,99.791,13452,13424
8/17/2020 23:00,60,"MoundouMBSC1/Cell:LABEL=TDG0319(MNDOU5)-2, CellIndex=12, CGI=6220117785A98/TRX:TRX Index=125, TRX Name=TDG0319(MNDOU5)-25",Reliable,,0,0,,0,0
