Result Time,Granularity Period,Object Name,Reliability,Handover_Success_Rate,Handover_Success_Rate_Denom,Handover_Success_Rate_Nom,Network_Availability_2G,Random_Acc_Succ_Rate,Random_Acc_Succ_Rate_Denom,Random_Acc_Succ_Rate_Nom,SDCCH_Blocking,SDCCH_Blocking_Denom,SDCCH_Blocking_Nom,SDCCH_Drop,SDCCH_Drop_Denom,SDCCH_Drop_Nom,TCH_Assig_Success_Rate_A,TCH_Assig_Success_Rate_Denom,TCH_Assig_Success_Rate_Nom,TCH_Blocking (User Perceived),TCH_Blocking_Denom,TCH_Blocking_Nom,TCH_Drop_New,TCH_Drop_Nom_New,TCH_Drop_Nom_ZDenom_New,TCH_HO_Success_Rate,TCH_HO_Success_Rate_Denom,TCH_HO_Success_Rate_Nom,TCH_setup_Succ_Rate_b,TCH_Setup_Succ_Rate_Denom,TCH_Setup_Succ_Rate_Nom,Total_Cell_Outage (min),Total_Traffic_Erlangs,Traffic_AMR_Full_Rate_Erlangs,Traffic_AMR_Half_Rate_Erlangs,Traffic_Full_Rate_Erlangs,Traffic_Half_Rate_Erlangs,ZZ-TCH_Availability,ZZ-TCH_Availability_Denom,ZZ-TCH_Availability_Nom
8/17/2020 23:00,60,"MoundouMBSC1/GCELL:LABEL=TDG0319(MNDOU5)-3, CellIndex=13, CGI=6220117785A99",Reliable,98.907,183,181,100,100,1359,1359,0,1359,0,0.367,1359,5,100,122,122,0,122,0,0.319,1,313,98.907,183,181,100,122,122,0,5.229,3.356,0,5.229,0,100,62,62
8/17/2020 23:00,60,"MoundouMBSC1/GCELL:LABEL=TDG0319(MNDOU5)-2, CellIndex=12, CGI=6220117785A98",Reliable,100,72,72,100,100,538,538,0,538,0,1.858,538,10,100,60,60,0,60,0,0,0,130,100,72,72,100,60,60,0,2.599,2.317,0,2.599,0,100,61,61
8/17/2020 23:00,60,"MoundouMBSC1/GCELL:LABEL=TDG0319(MNDOU5)-1, CellIndex=11, CGI=6220117785A97",Reliable,99.408,169,168,100,100,1323,1323,0,1323,0,0.075,1323,1,100,103,103,0,103,0,0,0,283,99.408,169,168,100,103,103,0,4.601,3.679,0,4.601,0,100,84,84
8/17/2020 23:00,60,"MoundouMBSC1/GCELL:LABEL=TDG0306(MNDOU6)-3, CellIndex=10, CGI=6220117785A17",Reliable,100,204,204,100,99.81,1582,1579,0.189,1582,3,0.126,1579,2,99.242,132,131,0,132,0,0.882,3,340,100,204,204,99.242,132,131,0,4.653,1.74,1.819,2.822,1.831,100,96,96
8/17/2020 23:00,60,"MoundouMBSC1/GCELL:LABEL=TDG0306(MNDOU6)-2, CellIndex=9, CGI=6220117785A16",Reliable,99.564,919,915,100,100,2970,2970,0,2970,0,0.101,2970,3,100,252,252,0,252,0,0.086,1,1161,99.564,919,915,100,252,252,0,8.719,3.349,1.967,6.752,1.967,100,114.079,114.079
8/17/2020 23:00,60,"MoundouMBSC1/GCELL:LABEL=TDG0306(MNDOU6)-1, CellIndex=8, CGI=6220117785A15",Reliable,99.049,421,417,100,100,3051,3051,0,3051,0,0.065,3051,2,99.5,200,199,0,200,0,0.158,1,629,99.049,421,417,99.5,200,199,0,4.829,3.511,0.14,4.689,0.14,100,101.186,101.186
8/17/2020 23:00,60,"MoundouMBSC1/GCELL:LABEL=TDG0109(MNDOU)-3, CellIndex=4, CGI=6220117785265",Reliable,99.573,1407,1401,100,100,5049,5049,0,5049,0,0.019,5049,1,99.753,405,404,0,405,0,0.165,3,1808,99.573,1407,1401,99.753,405,404,0,14.618,6.763,5.747,8.787,5.831,100,195,195
8/17/2020 23:00,60,"MoundouMBSC1/GCELL:LABEL=TDG0109(MNDOU)-2, CellIndex=3, CGI=6220117785264",Reliable,100,127,127,100,100,1504,1504,0,1504,0,10.106,1504,152,98.969,97,96,0,97,0,0,0,227,100,127,127,98.969,97,96,0,6.175,4.392,0,6.175,0,100,97.642,97.642
8/17/2020 23:00,60,"MoundouMBSC1/GCELL:LABEL=TDG0109(MNDOU)-1, CellIndex=2, CGI=6220117785263",Reliable,99.752,404,403,100,99.925,2690,2688,0.037,2690,1,0.037,2689,1,100,191,191,0,191,0,0.34,2,588,99.752,404,403,100,191,191,0,10.058,9.153,0,10.058,0,100,147.983,147.983
