Result Time,Granularity Period,Object Name,Reliability,Average DL throughput per TBF-EDGE,Average DL throughput per TBF-GPRS,Average UL throughput per TBF-EDGE,Average UL throughput per TBF-GPRS,Avg_DL_thr_per_TBF_EDGE_Denom,Avg_DL_thr_per_TBF_EDGE_Nom,Avg_DL_thr_per_TBF_GPRS_Denom,Avg_DL_thr_per_TBF_GPRS_Nom,Avg_UL_thr_per_TBF_EDGE_Denom,Avg_UL_thr_per_TBF_EDGE_Nom,Avg_UL_thr_per_TBF_GPRS_Denom,Avg_UL_thr_per_TBF_GPRS_Nom,Hard_Blocking,Hard_Blocking_Denom,Hard_Blocking_Nom,Percentage_TBF_dropped,Percentage_TBF_drop_Denom,Percentage_TBF_drop_Nom,Soft_Blocking_,Soft_Blocking_Denom1,Soft_Blocking_Nom,Tot_vol_data_downloaded
2020-08-17 23:00,60,"MoundouMBSC1/GCELL:LABEL=TDG0319(MNDOU5)-3, CellIndex=13, CGI=6220117785A99",Reliable,,,,,0.0,0,0.0,,0.0,0,0.0,,,0,0,,0,0,,0,0,0.0
2020-08-17 23:00,60,"MoundouMBSC1/GCELL:LABEL=TDG0319(MNDOU5)-2, CellIndex=12, CGI=6220117785A98",Reliable,,,,,0.0,0,0.0,,0.0,0,0.0,,,0,0,,0,0,,0,0,0.0
2020-08-17 23:00,60,"MoundouMBSC1/GCELL:LABEL=TDG0319(MNDOU5)-1, CellIndex=11, CGI=6220117785A97",Reliable,,,,,0.0,0,0.0,,0.0,0,0.0,,,0,0,,0,0,,0,0,0.0
2020-08-17 23:00,60,"MoundouMBSC1/GCELL:LABEL=TDG0306(MNDOU6)-3, CellIndex=10, CGI=6220117785A17",Reliable,,,,,0.0,0,0.0,,0.0,0,0.0,,,0,0,,0,0,,0,0,0.0
2020-08-17 23:00,60,"MoundouMBSC1/GCELL:LABEL=TDG0306(MNDOU6)-2, CellIndex=9, CGI=6220117785A16",Reliable,,,,,0.0,0,0.0,,0.0,0,0.0,,,0,0,,0,0,,0,0,0.0
2020-08-17 23:00,60,"MoundouMBSC1/GCELL:LABEL=TDG0306(MNDOU6)-1, CellIndex=8, CGI=6220117785A15",Reliable,,,,,0.0,0,0.0,,0.0,0,0.0,,,0,0,,0,0,,0,0,0.0
2020-08-17 23:00,60,"MoundouMBSC1/GCELL:LABEL=TDG0109(MNDOU)-3, CellIndex=4, CGI=6220117785265",Reliable,,,,,0.0,0,0.0,,0.0,0,0.0,,,0,0,,0,0,,0,0,0.0
2020-08-17 23:00,60,"MoundouMBSC1/GCELL:LABEL=TDG0109(MNDOU)-2, CellIndex=3, CGI=6220117785264",Reliable,,,,,0.0,0,0.0,,0.0,0,0.0,,,0,0,,0,0,,0,0,0.0
2020-08-17 23:00,60,"MoundouMBSC1/GCELL:LABEL=TDG0109(MNDOU)-1, CellIndex=2, CGI=6220117785263",Reliable,,,,,0.0,0,0.0,,0.0,0,0.0,,,0,0,,0,0,,0,0,0.0