Result Time,Granularity Period,Object Name,Reliability,FPDCH(no_of_pdch),Locked_TRX,no_of_sdcch,Net TRXs Available,Physical TRX(total_trx),SDCCH Assignment Success Rate,SDCCH_Availability,SDCCH_TRAFFIC,TCH Available For Voice(no_of_voice_tch),Total TS Available,Total_data_vol_dl,Total_data_vol_ul
8/17/2020 23:00,60,"MoundouMBSC1/GCELL:LABEL=TDG0319(MNDOU5)-3, CellIndex=13, CGI=6220117785A99",Reliable,3,0,23,7,7,100,100,1.938,48,56,0,0
8/17/2020 23:00,60,"MoundouMBSC1/GCELL:LABEL=TDG0319(MNDOU5)-2, CellIndex=12, CGI=6220117785A98",Reliable,2,0,23,7,7,100,100,0.688,50,56,0,0
8/17/2020 23:00,60,"MoundouMBSC1/GCELL:LABEL=TDG0319(MNDOU5)-1, CellIndex=11, CGI=6220117785A97",Reliable,2,0,31,9,9,100,100,2.039,64,72,0,0
8/17/2020 23:00,60,"MoundouMBSC1/GCELL:LABEL=TDG0306(MNDOU6)-3, CellIndex=10, CGI=6220117785A17",Reliable,3,0,23,10,10,100,100,1.816,72,80,0,0
8/17/2020 23:00,60,"MoundouMBSC1/GCELL:LABEL=TDG0306(MNDOU6)-2, CellIndex=9, CGI=6220117785A16",Reliable,4,0,31,10,10,100,100,4.404,115,80,0,0
8/17/2020 23:00,60,"MoundouMBSC1/GCELL:LABEL=TDG0306(MNDOU6)-1, CellIndex=8, CGI=6220117785A15",Reliable,1,0,39,10,10,100,100,4.39,72,80,0,0
8/17/2020 23:00,60,"MoundouMBSC1/GCELL:LABEL=TDG0109(MNDOU)-3, CellIndex=4, CGI=6220117785265",Reliable,4,0,71,15,15,100,100,7.451,105,120,0,0
8/17/2020 23:00,60,"MoundouMBSC1/GCELL:LABEL=TDG0109(MNDOU)-2, CellIndex=3, CGI=6220117785264",Reliable,4,0,31,10,10,100,100,1.871,71,80,0,0
8/17/2020 23:00,60,"MoundouMBSC1/GCELL:LABEL=TDG0109(MNDOU)-1, CellIndex=2, CGI=6220117785263",Reliable,4,0,23,15,15,100,100,3.73,111,120,0,0